{"flutter":{"platforms":{"android":{"default":{"projectId":"btkproject-75d41","appId":"1:295406598723:android:6895ba3ece6eb45dd172f6","fileOutput":"android/app/google-services.json"}},"dart":{"lib/firebase_options.dart":{"projectId":"btkproject-75d41","configurations":{"android":"1:295406598723:android:6895ba3ece6eb45dd172f6","ios":"1:295406598723:ios:8508116d7f596590d172f6","macos":"1:295406598723:ios:8508116d7f596590d172f6","web":"1:295406598723:web:6e1bf3d641137ae1d172f6","windows":"1:295406598723:web:9573c7dbfd79aa47d172f6"}}}}}}